{
  "id": "",
  "name": "",
  "font_family": "iconfont",
  "css_prefix_text": "icon-",
  "description": "",
  "glyphs": [
    {
      "icon_id": "3858854",
      "name": "购物车",
      "font_class": "gouwuche",
      "unicode": "e60d",
      "unicode_decimal": 58893
    },
    {
      "icon_id": "22561869",
      "name": "flower",
      "font_class": "flower",
      "unicode": "e606",
      "unicode_decimal": 58886
    },
    {
      "icon_id": "22561870",
      "name": "plume",
      "font_class": "plume",
      "unicode": "e607",
      "unicode_decimal": 58887
    },
    {
      "icon_id": "22561872",
      "name": "sands",
      "font_class": "sands",
      "unicode": "e608",
      "unicode_decimal": 58888
    },
    {
      "icon_id": "22561876",
      "name": "circle",
      "font_class": "circle",
      "unicode": "e60a",
      "unicode_decimal": 58890
    },
    {
      "icon_id": "23259280",
      "name": "goblet",
      "font_class": "goblet",
      "unicode": "e60c",
      "unicode_decimal": 58892
    },
    {
      "icon_id": "23259592",
      "name": "anemo",
      "font_class": "anemo",
      "unicode": "e60e",
      "unicode_decimal": 58894
    },
    {
      "icon_id": "23259593",
      "name": "cryo",
      "font_class": "cryo",
      "unicode": "e60f",
      "unicode_decimal": 58895
    },
    {
      "icon_id": "23259595",
      "name": "dendro",
      "font_class": "dendro",
      "unicode": "e610",
      "unicode_decimal": 58896
    },
    {
      "icon_id": "23259596",
      "name": "electro",
      "font_class": "electro",
      "unicode": "e611",
      "unicode_decimal": 58897
    },
    {
      "icon_id": "23259597",
      "name": "geo",
      "font_class": "geo",
      "unicode": "e612",
      "unicode_decimal": 58898
    },
    {
      "icon_id": "23259598",
      "name": "hydro",
      "font_class": "hydro",
      "unicode": "e613",
      "unicode_decimal": 58899
    },
    {
      "icon_id": "23259599",
      "name": "pyro",
      "font_class": "pyro",
      "unicode": "e614",
      "unicode_decimal": 58900
    },
    {
      "icon_id": "23416266",
      "name": "链接",
      "font_class": "lianjie",
      "unicode": "e706",
      "unicode_decimal": 59142
    },
    {
      "icon_id": "23416273",
      "name": "首页",
      "font_class": "shouye",
      "unicode": "e707",
      "unicode_decimal": 59143
    },
    {
      "icon_id": "23416274",
      "name": "搜索",
      "font_class": "sousuo",
      "unicode": "e708",
      "unicode_decimal": 59144
    },
    {
      "icon_id": "23416286",
      "name": "下载",
      "font_class": "xiazai",
      "unicode": "e709",
      "unicode_decimal": 59145
    }
  ]
}
